Country,Total Cases,Cases,Total Deaths,Deaths,Total Recovered,Date
China,11860,69,259.0,0.0,0.0,2020-02-01
Japan,20,3,0.0,0.0,0.0,2020-02-01
Thailand,19,0,0.0,0.0,0.0,2020-02-01
Singapore,18,2,0.0,0.0,0.0,2020-02-01
Hong Kong,13,0,0.0,0.0,0.0,2020-02-01
South Korea,12,1,0.0,0.0,0.0,2020-02-01
Australia,12,3,0.0,0.0,0.0,2020-02-01
Taiwan,10,0,0.0,0.0,0.0,2020-02-01
Malaysia,8,0,0.0,0.0,0.0,2020-02-01
U.S.,7,0,0.0,0.0,0.0,2020-02-01
Germany,7,0,0.0,0.0,0.0,2020-02-01
Macao,7,0,0.0,0.0,0.0,2020-02-01
Vietnam,6,1,0.0,0.0,0.0,2020-02-01
France,6,0,0.0,0.0,0.0,2020-02-01
U.A.E.,4,0,0.0,0.0,0.0,2020-02-01
Canada,4,0,0.0,0.0,0.0,2020-02-01
Italy,2,0,0.0,0.0,0.0,2020-02-01
Russia,2,0,0.0,0.0,0.0,2020-02-01
U.K.,2,0,0.0,0.0,0.0,2020-02-01
Cambodia,1,0,0.0,0.0,0.0,2020-02-01
India,1,0,0.0,0.0,0.0,2020-02-01
Finland,1,0,0.0,0.0,0.0,2020-02-01
Philippines,1,0,0.0,0.0,0.0,2020-02-01
Sri Lanka,1,0,0.0,0.0,0.0,2020-02-01
Nepal,1,0,0.0,0.0,0.0,2020-02-01
Sweden,1,0,0.0,0.0,0.0,2020-02-01
Spain,1,0,0.0,0.0,0.0,2020-02-01
China,14497,116,304.0,0.0,0.0,2020-02-02
Japan,20,0,0.0,0.0,0.0,2020-02-02
Thailand,19,0,0.0,0.0,0.0,2020-02-02
Singapore,18,0,0.0,0.0,0.0,2020-02-02
South Korea,15,3,0.0,0.0,0.0,2020-02-02
Hong Kong,14,1,0.0,0.0,0.0,2020-02-02
Australia,12,0,0.0,0.0,0.0,2020-02-02
Germany,10,2,0.0,0.0,0.0,2020-02-02
Taiwan,10,0,0.0,0.0,0.0,2020-02-02
Malaysia,8,0,0.0,0.0,0.0,2020-02-02
Macao,8,1,0.0,0.0,0.0,2020-02-02
U.S.,8,0,0.0,0.0,0.0,2020-02-02
Vietnam,7,1,0.0,0.0,0.0,2020-02-02
France,6,0,0.0,0.0,0.0,2020-02-02
U.A.E.,5,0,0.0,0.0,0.0,2020-02-02
Canada,4,0,0.0,0.0,0.0,2020-02-02
Philippines,2,1,1.0,1.0,0.0,2020-02-02
India,2,1,0.0,0.0,0.0,2020-02-02
U.K.,2,0,0.0,0.0,0.0,2020-02-02
Italy,2,0,0.0,0.0,0.0,2020-02-02
Russia,2,0,0.0,0.0,0.0,2020-02-02
Finland,1,0,0.0,0.0,0.0,2020-02-02
Sweden,1,0,0.0,0.0,0.0,2020-02-02
Sri Lanka,1,0,0.0,0.0,0.0,2020-02-02
Nepal,1,0,0.0,0.0,0.0,2020-02-02
Cambodia,1,0,0.0,0.0,0.0,2020-02-02
Spain,1,0,0.0,0.0,0.0,2020-02-02
China,17302,97,361.0,0.0,512.0,2020-02-03
Japan,20,0,0.0,0.0,0.0,2020-02-03
Thailand,19,0,0.0,0.0,7.0,2020-02-03
Singapore,18,0,0.0,0.0,0.0,2020-02-03
Hong Kong,15,0,0.0,0.0,0.0,2020-02-03
South Korea,15,0,0.0,0.0,0.0,2020-02-03
Australia,12,0,0.0,0.0,2.0,2020-02-03
U.S.,11,2,0.0,0.0,0.0,2020-02-03
Germany,10,0,0.0,0.0,0.0,2020-02-03
Taiwan,10,0,0.0,0.0,0.0,2020-02-03
Vietnam,8,1,0.0,0.0,1.0,2020-02-03
Macao,8,0,0.0,0.0,0.0,2020-02-03
Malaysia,8,0,0.0,0.0,0.0,2020-02-03
France,6,0,0.0,0.0,0.0,2020-02-03
U.A.E.,5,0,0.0,0.0,0.0,2020-02-03
Canada,4,0,0.0,0.0,0.0,2020-02-03
India,3,1,0.0,0.0,0.0,2020-02-03
Philippines,2,0,1.0,0.0,0.0,2020-02-03
Italy,2,0,0.0,0.0,0.0,2020-02-03
U.K.,2,0,0.0,0.0,0.0,2020-02-03
Russia,2,0,0.0,0.0,0.0,2020-02-03
Finland,1,0,0.0,0.0,0.0,2020-02-03
Sri Lanka,1,0,0.0,0.0,1.0,2020-02-03
Nepal,1,0,0.0,0.0,0.0,2020-02-03
Sweden,1,0,0.0,0.0,0.0,2020-02-03
Cambodia,1,0,0.0,0.0,0.0,2020-02-03
Spain,1,0,0.0,0.0,0.0,2020-02-03
China,23658,3220,490.0,65.0,861.0,2020-02-04
Thailand,25,6,0.0,0.0,7.0,2020-02-04
Singapore,24,6,0.0,0.0,1.0,2020-02-04
Japan,23,3,0.0,0.0,0.0,2020-02-04
Hong Kong,17,2,1.0,1.0,0.0,2020-02-04
S. Korea,16,1,0.0,0.0,0.0,2020-02-04
Australia,13,1,0.0,0.0,3.0,2020-02-04
Germany,12,0,0.0,0.0,0.0,2020-02-04
Taiwan,11,1,0.0,0.0,0.0,2020-02-04
USA,11,0,0.0,0.0,0.0,2020-02-04
Malaysia,10,2,0.0,0.0,0.0,2020-02-04
Macao,10,2,0.0,0.0,0.0,2020-02-04
Vietnam,10,2,0.0,0.0,3.0,2020-02-04
France,6,0,0.0,0.0,0.0,2020-02-04
U.A.E.,5,0,0.0,0.0,0.0,2020-02-04
Canada,5,1,0.0,0.0,0.0,2020-02-04
India,3,0,0.0,0.0,0.0,2020-02-04
Philippines,2,0,1.0,0.0,0.0,2020-02-04
Russia,2,0,0.0,0.0,0.0,2020-02-04
Italy,2,0,0.0,0.0,0.0,2020-02-04
U.K.,2,0,0.0,0.0,0.0,2020-02-04
Finland,1,0,0.0,0.0,0.0,2020-02-04
Cambodia,1,0,0.0,0.0,0.0,2020-02-04
Nepal,1,0,0.0,0.0,0.0,2020-02-04
Sri Lanka,1,0,0.0,0.0,1.0,2020-02-04
Sweden,1,0,0.0,0.0,0.0,2020-02-04
Belgium,1,1,0.0,0.0,0.0,2020-02-04
Spain,1,0,0.0,0.0,0.0,2020-02-04
China,24399,75,491.0,1.0,1022.0,2020-02-05
Japan,35,2,0.0,0.0,0.0,2020-02-05
Singapore,28,4,0.0,0.0,1.0,2020-02-05
Thailand,25,0,0.0,0.0,8.0,2020-02-05
Hong Kong,21,3,1.0,0.0,0.0,2020-02-05
S. Korea,19,1,0.0,0.0,1.0,2020-02-05
Australia,14,1,0.0,0.0,3.0,2020-02-05
Malaysia,12,2,0.0,0.0,0.0,2020-02-05
Germany,12,0,0.0,0.0,0.0,2020-02-05
USA,11,0,0.0,0.0,0.0,2020-02-05
Taiwan,11,0,0.0,0.0,0.0,2020-02-05
Macao,10,0,0.0,0.0,0.0,2020-02-05
Vietnam,10,0,0.0,0.0,3.0,2020-02-05
France,6,0,0.0,0.0,0.0,2020-02-05
Canada,5,0,0.0,0.0,0.0,2020-02-05
U.A.E.,5,0,0.0,0.0,0.0,2020-02-05
Philippines,3,1,1.0,0.0,0.0,2020-02-05
India,3,0,0.0,0.0,0.0,2020-02-05
U.K.,2,0,0.0,0.0,0.0,2020-02-05
Italy,2,0,0.0,0.0,0.0,2020-02-05
Russia,2,0,0.0,0.0,0.0,2020-02-05
Finland,1,0,0.0,0.0,0.0,2020-02-05
Nepal,1,0,0.0,0.0,0.0,2020-02-05
Sweden,1,0,0.0,0.0,0.0,2020-02-05
Sri Lanka,1,0,0.0,0.0,1.0,2020-02-05
Cambodia,1,0,0.0,0.0,0.0,2020-02-05
Spain,1,0,0.0,0.0,0.0,2020-02-05
Belgium,1,0,0.0,0.0,0.0,2020-02-05
China,30551,2533,633.0,70.0,1593.0,2020-02-06
Japan,45,0,0.0,0.0,0.0,2020-02-06
Singapore,30,2,0.0,0.0,1.0,2020-02-06
Thailand,25,0,0.0,0.0,9.0,2020-02-06
Hong Kong,24,3,1.0,0.0,0.0,2020-02-06
S. Korea,23,0,0.0,0.0,1.0,2020-02-06
Taiwan,16,5,0.0,0.0,1.0,2020-02-06
Australia,15,1,0.0,0.0,3.0,2020-02-06
Malaysia,14,2,0.0,0.0,1.0,2020-02-06
Germany,13,1,0.0,0.0,0.0,2020-02-06
USA,12,0,0.0,0.0,1.0,2020-02-06
Vietnam,12,2,0.0,0.0,3.0,2020-02-06
Macao,10,0,0.0,0.0,0.0,2020-02-06
Canada,7,2,0.0,0.0,0.0,2020-02-06
France,6,0,0.0,0.0,0.0,2020-02-06
U.A.E.,5,0,0.0,0.0,0.0,2020-02-06
Philippines,3,0,1.0,0.0,0.0,2020-02-06
India,3,0,0.0,0.0,0.0,2020-02-06
U.K.,3,1,0.0,0.0,0.0,2020-02-06
Italy,3,1,0.0,0.0,0.0,2020-02-06
Russia,2,0,0.0,0.0,0.0,2020-02-06
Nepal,1,0,0.0,0.0,0.0,2020-02-06
Cambodia,1,0,0.0,0.0,0.0,2020-02-06
Sri Lanka,1,0,0.0,0.0,1.0,2020-02-06
Finland,1,0,0.0,0.0,1.0,2020-02-06
Sweden,1,0,0.0,0.0,0.0,2020-02-06
Belgium,1,0,0.0,0.0,0.0,2020-02-06
Spain,1,0,0.0,0.0,0.0,2020-02-06
China,31210,3192,636.0,73.0,1747.0,2020-02-07
Japan,86,41,0.0,0.0,4.0,2020-02-07
Singapore,33,5,0.0,0.0,2.0,2020-02-07
Hong Kong,25,4,1.0,0.0,0.0,2020-02-07
Thailand,25,0,0.0,0.0,9.0,2020-02-07
S. Korea,24,1,0.0,0.0,2.0,2020-02-07
Taiwan,16,5,0.0,0.0,1.0,2020-02-07
Malaysia,15,3,0.0,0.0,1.0,2020-02-07
Australia,15,1,0.0,0.0,5.0,2020-02-07
Germany,13,1,0.0,0.0,0.0,2020-02-07
Vietnam,12,2,0.0,0.0,3.0,2020-02-07
USA,12,0,0.0,0.0,1.0,2020-02-07
Macao,10,0,0.0,0.0,0.0,2020-02-07
Canada,7,2,0.0,0.0,0.0,2020-02-07
France,6,0,0.0,0.0,0.0,2020-02-07
U.A.E.,5,0,0.0,0.0,0.0,2020-02-07
Philippines,3,0,1.0,0.0,0.0,2020-02-07
India,3,0,0.0,0.0,0.0,2020-02-07
U.K.,3,1,0.0,0.0,0.0,2020-02-07
Italy,3,1,0.0,0.0,0.0,2020-02-07
Russia,2,0,0.0,0.0,0.0,2020-02-07
Sri Lanka,1,0,0.0,0.0,1.0,2020-02-07
Cambodia,1,0,0.0,0.0,1.0,2020-02-07
Finland,1,0,0.0,0.0,1.0,2020-02-07
Nepal,1,0,0.0,0.0,0.0,2020-02-07
Sweden,1,0,0.0,0.0,0.0,2020-02-07
Spain,1,0,0.0,0.0,0.0,2020-02-07
Belgium,1,0,0.0,0.0,0.0,2020-02-07
China,36778,2232,804.0,82.0,2377.0,2020-02-08
Japan,89,3,0.0,0.0,4.0,2020-02-08
Singapore,40,7,0.0,0.0,2.0,2020-02-08
Thailand,32,7,0.0,0.0,9.0,2020-02-08
Hong Kong,26,0,1.0,0.0,0.0,2020-02-08
S. Korea,24,0,0.0,0.0,2.0,2020-02-08
Taiwan,17,1,0.0,0.0,1.0,2020-02-08
Malaysia,16,1,0.0,0.0,1.0,2020-02-08
Australia,15,0,0.0,0.0,5.0,2020-02-08
Germany,14,0,0.0,0.0,0.0,2020-02-08
Vietnam,13,1,0.0,0.0,3.0,2020-02-08
USA,12,0,0.0,0.0,3.0,2020-02-08
France,11,5,0.0,0.0,0.0,2020-02-08
Macao,10,0,0.0,0.0,1.0,2020-02-08
Canada,7,0,0.0,0.0,0.0,2020-02-08
U.A.E.,7,0,0.0,0.0,0.0,2020-02-08
Philippines,3,0,1.0,0.0,0.0,2020-02-08
India,3,0,0.0,0.0,0.0,2020-02-08
Italy,3,0,0.0,0.0,0.0,2020-02-08
U.K.,3,0,0.0,0.0,0.0,2020-02-08
Russia,2,0,0.0,0.0,0.0,2020-02-08
Nepal,1,0,0.0,0.0,0.0,2020-02-08
Cambodia,1,0,0.0,0.0,1.0,2020-02-08
Finland,1,0,0.0,0.0,1.0,2020-02-08
Sri Lanka,1,0,0.0,0.0,1.0,2020-02-08
Sweden,1,0,0.0,0.0,0.0,2020-02-08
Belgium,1,0,0.0,0.0,0.0,2020-02-08
Spain,1,0,0.0,0.0,0.0,2020-02-08
China,40199,3001,908.0,97.0,3623.0,2020-02-09
Japan,161,72,0.0,0.0,4.0,2020-02-09
Singapore,45,5,0.0,0.0,7.0,2020-02-09
Hong Kong,42,16,1.0,0.0,0.0,2020-02-09
Thailand,32,0,0.0,0.0,10.0,2020-02-09
S. Korea,27,3,0.0,0.0,3.0,2020-02-09
Taiwan,18,1,0.0,0.0,1.0,2020-02-09
Malaysia,18,2,0.0,0.0,3.0,2020-02-09
Australia,15,0,0.0,0.0,5.0,2020-02-09
Vietnam,14,1,0.0,0.0,3.0,2020-02-09
Germany,14,0,0.0,0.0,0.0,2020-02-09
USA,12,0,0.0,0.0,3.0,2020-02-09
France,11,0,0.0,0.0,0.0,2020-02-09
Macao,10,0,0.0,0.0,1.0,2020-02-09
U.K.,8,5,0.0,0.0,0.0,2020-02-09
U.A.E.,8,1,0.0,0.0,1.0,2020-02-09
Canada,7,0,0.0,0.0,0.0,2020-02-09
Philippines,3,0,1.0,0.0,2.0,2020-02-09
India,3,0,0.0,0.0,0.0,2020-02-09
Italy,3,0,0.0,0.0,0.0,2020-02-09
Russia,2,0,0.0,0.0,0.0,2020-02-09
Spain,2,1,0.0,0.0,0.0,2020-02-09
Finland,1,0,0.0,0.0,1.0,2020-02-09
Nepal,1,0,0.0,0.0,0.0,2020-02-09
Sweden,1,0,0.0,0.0,0.0,2020-02-09
Sri Lanka,1,0,0.0,0.0,1.0,2020-02-09
Cambodia,1,0,0.0,0.0,1.0,2020-02-09
Belgium,1,0,0.0,0.0,0.0,2020-02-09
China,42670,2499,1016.0,108.0,4318.0,2020-02-10
Japan,163,67,0.0,0.0,4.0,2020-02-10
Hong Kong,49,13,1.0,0.0,0.0,2020-02-10
Singapore,47,4,0.0,0.0,9.0,2020-02-10
Thailand,33,1,0.0,0.0,10.0,2020-02-10
S. Korea,28,1,0.0,0.0,4.0,2020-02-10
Taiwan,18,0,0.0,0.0,1.0,2020-02-10
Malaysia,18,1,0.0,0.0,3.0,2020-02-10
Germany,16,2,0.0,0.0,0.0,2020-02-10
Vietnam,15,1,0.0,0.0,6.0,2020-02-10
Australia,15,0,0.0,0.0,5.0,2020-02-10
USA,13,1,0.0,0.0,3.0,2020-02-10
France,11,0,0.0,0.0,0.0,2020-02-10
Macao,10,0,0.0,0.0,1.0,2020-02-10
U.A.E.,8,1,0.0,0.0,1.0,2020-02-10
U.K.,8,4,0.0,0.0,1.0,2020-02-10
Canada,7,0,0.0,0.0,1.0,2020-02-10
Philippines,3,0,1.0,0.0,2.0,2020-02-10
Italy,3,0,0.0,0.0,0.0,2020-02-10
India,3,0,0.0,0.0,0.0,2020-02-10
Russia,2,0,0.0,0.0,0.0,2020-02-10
Spain,2,0,0.0,0.0,0.0,2020-02-10
Sweden,1,0,0.0,0.0,0.0,2020-02-10
Sri Lanka,1,0,0.0,0.0,1.0,2020-02-10
Nepal,1,0,0.0,0.0,0.0,2020-02-10
Finland,1,0,0.0,0.0,1.0,2020-02-10
Cambodia,1,0,0.0,0.0,1.0,2020-02-10
Belgium,1,0,0.0,0.0,0.0,2020-02-10
China,44653,2015,1113.0,97.0,4777.0,2020-02-11
Japan,203,42,0.0,0.0,4.0,2020-02-11
Hong Kong,49,7,1.0,0.0,0.0,2020-02-11
Singapore,47,2,0.0,0.0,9.0,2020-02-11
Thailand,33,1,0.0,0.0,10.0,2020-02-11
S. Korea,28,1,0.0,0.0,4.0,2020-02-11
Taiwan,18,0,0.0,0.0,1.0,2020-02-11
Malaysia,18,0,0.0,0.0,3.0,2020-02-11
Germany,16,2,0.0,0.0,0.0,2020-02-11
Vietnam,15,1,0.0,0.0,6.0,2020-02-11
Australia,15,0,0.0,0.0,5.0,2020-02-11
USA,13,1,0.0,0.0,3.0,2020-02-11
France,11,0,0.0,0.0,0.0,2020-02-11
Macao,10,0,0.0,0.0,1.0,2020-02-11
U.K.,8,0,0.0,0.0,1.0,2020-02-11
U.A.E.,8,0,0.0,0.0,1.0,2020-02-11
Canada,7,0,0.0,0.0,1.0,2020-02-11
Philippines,3,0,1.0,0.0,2.0,2020-02-11
Italy,3,0,0.0,0.0,0.0,2020-02-11
India,3,0,0.0,0.0,0.0,2020-02-11
Russia,2,0,0.0,0.0,0.0,2020-02-11
Spain,2,0,0.0,0.0,0.0,2020-02-11
Finland,1,0,0.0,0.0,1.0,2020-02-11
Cambodia,1,0,0.0,0.0,1.0,2020-02-11
Nepal,1,0,0.0,0.0,0.0,2020-02-11
Sri Lanka,1,0,0.0,0.0,1.0,2020-02-11
Sweden,1,0,0.0,0.0,0.0,2020-02-11
Belgium,1,0,0.0,0.0,0.0,2020-02-11
China,59828,15426,1367.0,255.0,6210.0,2020-02-12
Japan,251,49,1.0,1.0,10.0,2020-02-12
Singapore,58,11,0.0,0.0,15.0,2020-02-12
Hong Kong,53,4,1.0,0.0,1.0,2020-02-12
Thailand,33,0,0.0,0.0,12.0,2020-02-12
S. Korea,28,0,0.0,0.0,7.0,2020-02-12
Malaysia,19,1,0.0,0.0,3.0,2020-02-12
Taiwan,18,0,0.0,0.0,1.0,2020-02-12
Germany,16,0,0.0,0.0,1.0,2020-02-12
Vietnam,16,1,0.0,0.0,7.0,2020-02-12
USA,15,2,0.0,0.0,3.0,2020-02-12
Australia,15,0,0.0,0.0,8.0,2020-02-12
France,11,0,0.0,0.0,2.0,2020-02-12
Macao,10,0,0.0,0.0,3.0,2020-02-12
U.K.,9,1,0.0,0.0,1.0,2020-02-12
U.A.E.,8,0,0.0,0.0,1.0,2020-02-12
Canada,7,0,0.0,0.0,1.0,2020-02-12
India,5,2,0.0,0.0,1.0,2020-02-12
Philippines,3,0,1.0,0.0,2.0,2020-02-12
Italy,3,0,0.0,0.0,0.0,2020-02-12
Russia,2,0,0.0,0.0,2.0,2020-02-12
Spain,2,0,0.0,0.0,0.0,2020-02-12
Sri Lanka,1,0,0.0,0.0,1.0,2020-02-12
Finland,1,0,0.0,0.0,1.0,2020-02-12
Cambodia,1,0,0.0,0.0,1.0,2020-02-12
Belgium,1,0,0.0,0.0,0.0,2020-02-12
Sweden,1,0,0.0,0.0,0.0,2020-02-12
Nepal,1,0,0.0,0.0,1.0,2020-02-12
China,66291,2440,1520.0,140.0,7977.0,2020-02-13
Japan,259,8,1.0,0.0,11.0,2020-02-13
Singapore,67,9,0.0,0.0,17.0,2020-02-13
Hong Kong,56,3,1.0,0.0,1.0,2020-02-13
Thailand,33,0,0.0,0.0,13.0,2020-02-13
S. Korea,28,0,0.0,0.0,7.0,2020-02-13
Malaysia,19,0,0.0,0.0,7.0,2020-02-13
Taiwan,18,0,0.0,0.0,1.0,2020-02-13
Germany,16,0,0.0,0.0,1.0,2020-02-13
Vietnam,16,0,0.0,0.0,7.0,2020-02-13
USA,15,0,0.0,0.0,3.0,2020-02-13
Australia,15,0,0.0,0.0,10.0,2020-02-13
France,11,0,0.0,0.0,3.0,2020-02-13
Macao,10,0,0.0,0.0,3.0,2020-02-13
U.K.,9,0,0.0,0.0,1.0,2020-02-13
Canada,8,1,0.0,0.0,1.0,2020-02-13
U.A.E.,8,0,0.0,0.0,1.0,2020-02-13
Philippines,3,0,1.0,0.0,2.0,2020-02-13
Italy,3,0,0.0,0.0,0.0,2020-02-13
India,3,0,0.0,0.0,1.0,2020-02-13
Spain,2,0,0.0,0.0,1.0,2020-02-13
Russia,2,0,0.0,0.0,2.0,2020-02-13
Sweden,1,0,0.0,0.0,0.0,2020-02-13
Belgium,1,0,0.0,0.0,0.0,2020-02-13
Egypt,1,1,0.0,0.0,0.0,2020-02-13
Nepal,1,0,0.0,0.0,1.0,2020-02-13
Sri Lanka,1,0,0.0,0.0,1.0,2020-02-13
Finland,1,0,0.0,0.0,1.0,2020-02-13
Cambodia,1,0,0.0,0.0,1.0,2020-02-13
China,66493,2642,1523.0,143.0,8251.0,2020-02-14
Japan,260,1,1.0,0.0,11.0,2020-02-14
Singapore,67,0,0.0,0.0,17.0,2020-02-14
Hong Kong,56,0,1.0,0.0,1.0,2020-02-14
Thailand,34,1,0.0,0.0,14.0,2020-02-14
S. Korea,28,0,0.0,0.0,9.0,2020-02-14
Malaysia,21,2,0.0,0.0,7.0,2020-02-14
Taiwan,18,0,0.0,0.0,1.0,2020-02-14
Germany,16,0,0.0,0.0,1.0,2020-02-14
Vietnam,16,0,0.0,0.0,7.0,2020-02-14
USA,15,0,0.0,0.0,3.0,2020-02-14
Australia,15,0,0.0,0.0,10.0,2020-02-14
France,11,0,0.0,0.0,3.0,2020-02-14
Macao,10,0,0.0,0.0,3.0,2020-02-14
U.K.,9,0,0.0,0.0,1.0,2020-02-14
Canada,8,0,0.0,0.0,1.0,2020-02-14
U.A.E.,8,0,0.0,0.0,1.0,2020-02-14
Philippines,3,0,1.0,0.0,2.0,2020-02-14
Italy,3,0,0.0,0.0,0.0,2020-02-14
India,3,0,0.0,0.0,1.0,2020-02-14
Spain,2,0,0.0,0.0,1.0,2020-02-14
Russia,2,0,0.0,0.0,2.0,2020-02-14
Sweden,1,0,0.0,0.0,0.0,2020-02-14
Belgium,1,0,0.0,0.0,0.0,2020-02-14
Egypt,1,0,0.0,0.0,0.0,2020-02-14
Cambodia,1,0,0.0,0.0,1.0,2020-02-14
Nepal,1,0,0.0,0.0,1.0,2020-02-14
Sri Lanka,1,0,0.0,0.0,1.0,2020-02-14
Finland,1,0,0.0,0.0,1.0,2020-02-14
China,70542,2042,1765.0,100.0,10728.0,2020-02-15
Japan,414,76,1.0,0.0,17.0,2020-02-15
Singapore,75,3,0.0,0.0,19.0,2020-02-15
Hong Kong,57,1,1.0,0.0,2.0,2020-02-15
Thailand,34,0,0.0,0.0,14.0,2020-02-15
S. Korea,29,1,0.0,0.0,9.0,2020-02-15
Malaysia,22,0,0.0,0.0,8.0,2020-02-15
Taiwan,20,2,1.0,1.0,2.0,2020-02-15
Germany,16,0,0.0,0.0,3.0,2020-02-15
Vietnam,16,0,0.0,0.0,7.0,2020-02-15
Australia,15,0,0.0,0.0,10.0,2020-02-15
USA,15,0,0.0,0.0,3.0,2020-02-15
France,12,0,1.0,0.0,4.0,2020-02-15
Macao,10,0,0.0,0.0,5.0,2020-02-15
U.A.E.,9,1,0.0,0.0,3.0,2020-02-15
U.K.,9,0,0.0,0.0,8.0,2020-02-15
Canada,8,0,0.0,0.0,1.0,2020-02-15
Philippines,3,0,1.0,0.0,2.0,2020-02-15
Italy,3,0,0.0,0.0,0.0,2020-02-15
India,3,0,0.0,0.0,3.0,2020-02-15
Russia,2,0,0.0,0.0,2.0,2020-02-15
Spain,2,0,0.0,0.0,2.0,2020-02-15
Egypt,1,0,0.0,0.0,0.0,2020-02-15
Cambodia,1,0,0.0,0.0,1.0,2020-02-15
Sweden,1,0,0.0,0.0,0.0,2020-02-15
Nepal,1,0,0.0,0.0,1.0,2020-02-15
Belgium,1,0,0.0,0.0,1.0,2020-02-15
Sri Lanka,1,0,0.0,0.0,1.0,2020-02-15
Finland,1,0,0.0,0.0,1.0,2020-02-15
China,70553,2053,1771.0,106.0,11158.0,2020-02-16
Cruise Ship,454,99,0.0,0.0,17.0,2020-02-16
Singapore,75,0,0.0,0.0,19.0,2020-02-16
Japan,65,6,1.0,0.0,17.0,2020-02-16
Hong Kong,58,1,1.0,0.0,2.0,2020-02-16
Thailand,35,1,0.0,0.0,15.0,2020-02-16
S. Korea,30,1,0.0,0.0,10.0,2020-02-16
Malaysia,22,0,0.0,0.0,8.0,2020-02-16
Taiwan,20,0,1.0,0.0,2.0,2020-02-16
Vietnam,16,0,0.0,0.0,7.0,2020-02-16
Germany,16,0,0.0,0.0,3.0,2020-02-16
USA,15,0,0.0,0.0,3.0,2020-02-16
Australia,15,0,0.0,0.0,10.0,2020-02-16
France,12,0,1.0,0.0,4.0,2020-02-16
Macao,10,0,0.0,0.0,5.0,2020-02-16
U.K.,9,0,0.0,0.0,8.0,2020-02-16
U.A.E.,9,0,0.0,0.0,3.0,2020-02-16
Canada,8,0,0.0,0.0,1.0,2020-02-16
Philippines,3,0,1.0,0.0,2.0,2020-02-16
Italy,3,0,0.0,0.0,0.0,2020-02-16
India,3,0,0.0,0.0,3.0,2020-02-16
Russia,2,0,0.0,0.0,2.0,2020-02-16
Spain,2,0,0.0,0.0,2.0,2020-02-16
Cambodia,1,0,0.0,0.0,1.0,2020-02-16
Sweden,1,0,0.0,0.0,0.0,2020-02-16
Nepal,1,0,0.0,0.0,1.0,2020-02-16
Belgium,1,0,0.0,0.0,1.0,2020-02-16
Sri Lanka,1,0,0.0,0.0,1.0,2020-02-16
Finland,1,0,0.0,0.0,1.0,2020-02-16
Egypt,1,0,0.0,0.0,0.0,2020-02-16
China,72440,1892,1870.0,100.0,12994.0,2020-02-17
Diamond Princess,542,88,0.0,0.0,17.0,2020-02-17
Singapore,81,4,0.0,0.0,29.0,2020-02-17
Japan,74,8,1.0,0.0,20.0,2020-02-17
Hong Kong,62,2,1.0,0.0,2.0,2020-02-17
Thailand,35,0,0.0,0.0,17.0,2020-02-17
S. Korea,31,1,0.0,0.0,12.0,2020-02-17
Taiwan,22,0,1.0,0.0,2.0,2020-02-17
Malaysia,22,0,0.0,0.0,11.0,2020-02-17
Germany,16,0,0.0,0.0,9.0,2020-02-17
Vietnam,16,0,0.0,0.0,7.0,2020-02-17
Australia,15,0,0.0,0.0,10.0,2020-02-17
USA,15,0,0.0,0.0,3.0,2020-02-17
France,12,0,1.0,0.0,5.0,2020-02-17
Macao,10,0,0.0,0.0,5.0,2020-02-17
U.A.E.,9,0,0.0,0.0,3.0,2020-02-17
U.K.,9,0,0.0,0.0,8.0,2020-02-17
Canada,8,0,0.0,0.0,1.0,2020-02-17
Philippines,3,0,1.0,0.0,2.0,2020-02-17
Italy,3,0,0.0,0.0,0.0,2020-02-17
India,3,0,0.0,0.0,3.0,2020-02-17
Russia,2,0,0.0,0.0,2.0,2020-02-17
Spain,2,0,0.0,0.0,2.0,2020-02-17
Egypt,1,0,0.0,0.0,0.0,2020-02-17
Cambodia,1,0,0.0,0.0,1.0,2020-02-17
Sweden,1,0,0.0,0.0,0.0,2020-02-17
Nepal,1,0,0.0,0.0,1.0,2020-02-17
Belgium,1,0,0.0,0.0,1.0,2020-02-17
Sri Lanka,1,0,0.0,0.0,1.0,2020-02-17
Finland,1,0,0.0,0.0,1.0,2020-02-17
China,74192,1756,2006.0,138.0,14926.0,2020-02-18
Diamond Princess,621,79,0.0,0.0,17.0,2020-02-18
Japan,84,10,1.0,0.0,20.0,2020-02-18
Singapore,84,3,0.0,0.0,34.0,2020-02-18
Hong Kong,65,3,2.0,1.0,5.0,2020-02-18
S. Korea,51,20,0.0,0.0,16.0,2020-02-18
Thailand,35,0,0.0,0.0,17.0,2020-02-18
Taiwan,23,1,1.0,0.0,2.0,2020-02-18
Malaysia,22,0,0.0,0.0,15.0,2020-02-18
Germany,16,0,0.0,0.0,9.0,2020-02-18
Vietnam,16,0,0.0,0.0,14.0,2020-02-18
USA,15,0,0.0,0.0,3.0,2020-02-18
Australia,15,0,0.0,0.0,10.0,2020-02-18
France,12,0,1.0,0.0,7.0,2020-02-18
Macao,10,0,0.0,0.0,5.0,2020-02-18
U.A.E.,9,0,0.0,0.0,3.0,2020-02-18
U.K.,9,0,0.0,0.0,8.0,2020-02-18
Canada,8,0,0.0,0.0,1.0,2020-02-18
Philippines,3,0,1.0,0.0,2.0,2020-02-18
India,3,0,0.0,0.0,3.0,2020-02-18
Italy,3,0,0.0,0.0,0.0,2020-02-18
Iran,2,2,2.0,2.0,0.0,2020-02-18
Russia,2,0,0.0,0.0,2.0,2020-02-18
Spain,2,0,0.0,0.0,2.0,2020-02-18
Belgium,1,0,0.0,0.0,1.0,2020-02-18
Finland,1,0,0.0,0.0,1.0,2020-02-18
Egypt,1,0,0.0,0.0,0.0,2020-02-18
Sweden,1,0,0.0,0.0,0.0,2020-02-18
Nepal,1,0,0.0,0.0,1.0,2020-02-18
Cambodia,1,0,0.0,0.0,1.0,2020-02-18
Sri Lanka,1,0,0.0,0.0,1.0,2020-02-18
China,74582,6,2120.0,2.0,16707.0,2020-02-19
Diamond Princess,634,13,2.0,2.0,17.0,2020-02-19
S. Korea,104,46,1.0,1.0,16.0,2020-02-19
Japan,94,10,1.0,0.0,20.0,2020-02-19
Singapore,85,1,0.0,0.0,37.0,2020-02-19
Hong Kong,67,2,2.0,0.0,6.0,2020-02-19
Thailand,35,0,0.0,0.0,17.0,2020-02-19
Taiwan,24,1,1.0,0.0,2.0,2020-02-19
Malaysia,22,0,0.0,0.0,17.0,2020-02-19
Germany,16,0,0.0,0.0,13.0,2020-02-19
Vietnam,16,0,0.0,0.0,14.0,2020-02-19
Australia,15,0,0.0,0.0,11.0,2020-02-19
USA,15,0,0.0,0.0,3.0,2020-02-19
France,12,0,1.0,0.0,7.0,2020-02-19
Macao,10,0,0.0,0.0,6.0,2020-02-19
U.K.,9,0,0.0,0.0,8.0,2020-02-19
U.A.E.,9,0,0.0,0.0,3.0,2020-02-19
Canada,8,0,0.0,0.0,2.0,2020-02-19
Iran,5,3,2.0,0.0,0.0,2020-02-19
Philippines,3,0,1.0,0.0,2.0,2020-02-19
India,3,0,0.0,0.0,3.0,2020-02-19
Italy,3,0,0.0,0.0,0.0,2020-02-19
Russia,2,0,0.0,0.0,2.0,2020-02-19
Spain,2,0,0.0,0.0,2.0,2020-02-19
Belgium,1,0,0.0,0.0,1.0,2020-02-19
Cambodia,1,0,0.0,0.0,1.0,2020-02-19
Egypt,1,0,0.0,0.0,1.0,2020-02-19
Finland,1,0,0.0,0.0,1.0,2020-02-19
Nepal,1,0,0.0,0.0,1.0,2020-02-19
Sri Lanka,1,0,0.0,0.0,1.0,2020-02-19
Sweden,1,0,0.0,0.0,0.0,2020-02-19
China,75465,889,2236.0,118.0,18308.0,2020-02-20
Diamond Princess,634,0,2.0,0.0,17.0,2020-02-20
S. Korea,156,45,1.0,0.0,16.0,2020-02-20
Japan,94,0,1.0,0.0,20.0,2020-02-20
Singapore,85,0,0.0,0.0,37.0,2020-02-20
Hong Kong,69,0,2.0,0.0,6.0,2020-02-20
Thailand,35,0,0.0,0.0,17.0,2020-02-20
Taiwan,24,0,1.0,0.0,2.0,2020-02-20
Malaysia,22,0,0.0,0.0,17.0,2020-02-20
Australia,17,0,0.0,0.0,11.0,2020-02-20
Germany,16,0,0.0,0.0,13.0,2020-02-20
USA,16,1,0.0,0.0,5.0,2020-02-20
Vietnam,16,0,0.0,0.0,14.0,2020-02-20
France,12,0,1.0,0.0,7.0,2020-02-20
Macao,10,0,0.0,0.0,6.0,2020-02-20
Canada,9,1,0.0,0.0,2.0,2020-02-20
U.K.,9,0,0.0,0.0,8.0,2020-02-20
U.A.E.,9,0,0.0,0.0,3.0,2020-02-20
Iran,5,0,2.0,0.0,0.0,2020-02-20
Italy,4,0,0.0,0.0,0.0,2020-02-20
Philippines,3,0,1.0,0.0,2.0,2020-02-20
India,3,0,0.0,0.0,3.0,2020-02-20
Russia,2,0,0.0,0.0,2.0,2020-02-20
Spain,2,0,0.0,0.0,2.0,2020-02-20
Belgium,1,0,0.0,0.0,1.0,2020-02-20
Cambodia,1,0,0.0,0.0,1.0,2020-02-20
Egypt,1,0,0.0,0.0,1.0,2020-02-20
Finland,1,0,0.0,0.0,1.0,2020-02-20
Nepal,1,0,0.0,0.0,1.0,2020-02-20
Sri Lanka,1,0,0.0,0.0,1.0,2020-02-20
Sweden,1,0,0.0,0.0,0.0,2020-02-20
China,76290,826,2345.0,109.0,20740.0,2020-02-21
Diamond Princess,634,0,2.0,0.0,17.0,2020-02-21
S. Korea,346,137,2.0,0.0,17.0,2020-02-21
Japan,110,1,1.0,0.0,22.0,2020-02-21
Singapore,86,0,0.0,0.0,47.0,2020-02-21
Hong Kong,69,0,2.0,0.0,6.0,2020-02-21
Thailand,35,0,0.0,0.0,19.0,2020-02-21
USA *,35,0,0.0,0.0,6.0,2020-02-21
Taiwan,26,0,1.0,0.0,2.0,2020-02-21
Italy,22,1,1.0,0.0,1.0,2020-02-21
Malaysia,22,0,0.0,0.0,17.0,2020-02-21
Australia,21,2,0.0,0.0,11.0,2020-02-21
Iran,18,0,4.0,0.0,0.0,2020-02-21
Germany,16,0,0.0,0.0,14.0,2020-02-21
Vietnam,16,0,0.0,0.0,15.0,2020-02-21
France,12,0,1.0,0.0,7.0,2020-02-21
U.A.E.,11,0,0.0,0.0,3.0,2020-02-21
Macao,10,0,0.0,0.0,6.0,2020-02-21
Canada,9,0,0.0,0.0,3.0,2020-02-21
U.K.,9,0,0.0,0.0,8.0,2020-02-21
Philippines,3,0,1.0,0.0,2.0,2020-02-21
India,3,0,0.0,0.0,3.0,2020-02-21
Russia,2,0,0.0,0.0,2.0,2020-02-21
Spain,2,0,0.0,0.0,2.0,2020-02-21
Belgium,1,0,0.0,0.0,1.0,2020-02-21
Cambodia,1,0,0.0,0.0,1.0,2020-02-21
Egypt,1,0,0.0,0.0,1.0,2020-02-21
Finland,1,0,0.0,0.0,1.0,2020-02-21
Israel,1,0,0.0,0.0,0.0,2020-02-21
Lebanon,1,0,0.0,0.0,0.0,2020-02-21
Nepal,1,0,0.0,0.0,1.0,2020-02-21
Sri Lanka,1,0,0.0,0.0,1.0,2020-02-21
Sweden,1,0,0.0,0.0,0.0,2020-02-21
China,76940,652,2443.0,98.0,23094.0,2020-02-22
Diamond Princess,634,0,2.0,0.0,17.0,2020-02-22
S. Korea,602,166,5.0,3.0,18.0,2020-02-22
Japan,146,12,1.0,0.0,22.0,2020-02-22
Italy,117,38,2.0,0.0,2.0,2020-02-22
Singapore,89,0,0.0,0.0,49.0,2020-02-22
Hong Kong,70,0,2.0,0.0,11.0,2020-02-22
Iran,43,14,8.0,2.0,0.0,2020-02-22
Thailand,35,0,0.0,0.0,20.0,2020-02-22
USA,35,0,0.0,0.0,6.0,2020-02-22
Taiwan,28,2,1.0,0.0,2.0,2020-02-22
Australia,22,1,0.0,0.0,11.0,2020-02-22
Malaysia,22,0,0.0,0.0,17.0,2020-02-22
Germany,16,0,0.0,0.0,14.0,2020-02-22
Vietnam,16,0,0.0,0.0,15.0,2020-02-22
U.A.E.,13,0,0.0,0.0,3.0,2020-02-22
France,12,0,1.0,0.0,10.0,2020-02-22
Macao,10,0,0.0,0.0,6.0,2020-02-22
Canada,9,0,0.0,0.0,3.0,2020-02-22
U.K.,9,0,0.0,0.0,8.0,2020-02-22
Philippines,3,0,1.0,0.0,2.0,2020-02-22
India,3,0,0.0,0.0,3.0,2020-02-22
Russia,2,0,0.0,0.0,2.0,2020-02-22
Spain,2,0,0.0,0.0,2.0,2020-02-22
Belgium,1,0,0.0,0.0,1.0,2020-02-22
Cambodia,1,0,0.0,0.0,1.0,2020-02-22
Egypt,1,0,0.0,0.0,1.0,2020-02-22
Finland,1,0,0.0,0.0,1.0,2020-02-22
Israel,1,0,0.0,0.0,0.0,2020-02-22
Lebanon,1,0,0.0,0.0,0.0,2020-02-22
Nepal,1,0,0.0,0.0,1.0,2020-02-22
Sri Lanka,1,0,0.0,0.0,1.0,2020-02-22
Sweden,1,0,0.0,0.0,0.0,2020-02-22
Iraq,1,0,0.0,0.0,0.0,2020-02-22
China,76947,11,2444.0,2.0,23340.0,2020-02-23
S. Korea,763,327,7.0,5.0,18.0,2020-02-23
Diamond Princess,691,57,3.0,1.0,17.0,2020-02-23
Italy,157,78,3.0,1.0,2.0,2020-02-23
Japan,146,12,1.0,0.0,23.0,2020-02-23
Singapore,89,0,0.0,0.0,51.0,2020-02-23
Hong Kong,74,4,2.0,0.0,12.0,2020-02-23
Iran,43,14,8.0,2.0,0.0,2020-02-23
Thailand,35,0,0.0,0.0,21.0,2020-02-23
USA,35,0,0.0,0.0,7.0,2020-02-23
Taiwan,28,2,1.0,0.0,2.0,2020-02-23
Australia,22,1,0.0,0.0,11.0,2020-02-23
Malaysia,22,0,0.0,0.0,18.0,2020-02-23
Germany,16,0,0.0,0.0,14.0,2020-02-23
Vietnam,16,0,0.0,0.0,15.0,2020-02-23
U.K.,13,4,0.0,0.0,8.0,2020-02-23
U.A.E.,13,0,0.0,0.0,3.0,2020-02-23
France,12,0,1.0,0.0,10.0,2020-02-23
Canada,10,1,0.0,0.0,3.0,2020-02-23
Macao,10,0,0.0,0.0,6.0,2020-02-23
Philippines,3,0,1.0,0.0,2.0,2020-02-23
India,3,0,0.0,0.0,3.0,2020-02-23
Israel,2,1,0.0,0.0,0.0,2020-02-23
Russia,2,0,0.0,0.0,2.0,2020-02-23
Spain,2,0,0.0,0.0,2.0,2020-02-23
Belgium,1,0,0.0,0.0,1.0,2020-02-23
Cambodia,1,0,0.0,0.0,1.0,2020-02-23
Egypt,1,0,0.0,0.0,1.0,2020-02-23
Finland,1,0,0.0,0.0,1.0,2020-02-23
Lebanon,1,0,0.0,0.0,0.0,2020-02-23
Nepal,1,0,0.0,0.0,1.0,2020-02-23
Sri Lanka,1,0,0.0,0.0,1.0,2020-02-23
Sweden,1,0,0.0,0.0,0.0,2020-02-23
Iraq,1,0,0.0,0.0,0.0,2020-02-23
China,77659,509,2663.0,71.0,27376.0,2020-02-24
S. Korea,893,60,9.0,1.0,22.0,2020-02-24
Diamond Princess,691,0,4.0,1.0,2.0,2020-02-24
Italy,231,2,7.0,0.0,1.0,2020-02-24
Japan,159,0,1.0,0.0,23.0,2020-02-24
Singapore,90,0,0.0,0.0,53.0,2020-02-24
Hong Kong,81,0,2.0,0.0,12.0,2020-02-24
Iran,61,0,12.0,0.0,3.0,2020-02-24
USA,53,0,0.0,0.0,6.0,2020-02-24
Thailand,35,0,0.0,0.0,21.0,2020-02-24
Taiwan,30,0,1.0,0.0,2.0,2020-02-24
Australia,22,0,0.0,0.0,11.0,2020-02-24
Malaysia,22,0,0.0,0.0,20.0,2020-02-24
Germany,16,0,0.0,0.0,14.0,2020-02-24
Vietnam,16,0,0.0,0.0,15.0,2020-02-24
U.K.,13,0,0.0,0.0,8.0,2020-02-24
U.A.E.,13,0,0.0,0.0,3.0,2020-02-24
France,12,0,1.0,0.0,11.0,2020-02-24
Canada,11,0,0.0,0.0,3.0,2020-02-24
Macao,10,0,0.0,0.0,5.0,2020-02-24
Kuwait,5,0,0.0,0.0,0.0,2020-02-24
Philippines,3,0,1.0,0.0,2.0,2020-02-24
India,3,0,0.0,0.0,3.0,2020-02-24
Spain,3,0,0.0,0.0,2.0,2020-02-24
Bahrain,2,0,0.0,0.0,0.0,2020-02-24
Israel,2,0,0.0,0.0,0.0,2020-02-24
Oman,2,0,0.0,0.0,0.0,2020-02-24
Russia,2,0,0.0,0.0,2.0,2020-02-24
Afghanistan,1,0,0.0,0.0,0.0,2020-02-24
Belgium,1,0,0.0,0.0,1.0,2020-02-24
Cambodia,1,0,0.0,0.0,1.0,2020-02-24
Egypt,1,0,0.0,0.0,1.0,2020-02-24
Finland,1,0,0.0,0.0,1.0,2020-02-24
Iraq,1,0,0.0,0.0,0.0,2020-02-24
Lebanon,1,0,0.0,0.0,0.0,2020-02-24
Nepal,1,0,0.0,0.0,1.0,2020-02-24
Sri Lanka,1,0,0.0,0.0,1.0,2020-02-24
Sweden,1,0,0.0,0.0,0.0,2020-02-24
China,78064,406,2715.0,52.0,29755.0,2020-02-25
S. Korea,1146,0,12.0,1.0,22.0,2020-02-25
Diamond Princess,691,0,4.0,0.0,10.0,2020-02-25
Italy,323,0,11.0,0.0,2.0,2020-02-25
Japan,161,0,1.0,0.0,23.0,2020-02-25
Iran,95,0,16.0,0.0,25.0,2020-02-25
Singapore,91,0,0.0,0.0,58.0,2020-02-25
Hong Kong,85,0,2.0,0.0,18.0,2020-02-25
USA,57,0,0.0,0.0,6.0,2020-02-25
Thailand,37,0,0.0,0.0,22.0,2020-02-25
Taiwan,31,0,1.0,0.0,5.0,2020-02-25
Bahrain,23,0,0.0,0.0,0.0,2020-02-25
Australia,22,0,0.0,0.0,15.0,2020-02-25
Malaysia,22,0,0.0,0.0,20.0,2020-02-25
Germany,18,0,0.0,0.0,15.0,2020-02-25
Vietnam,16,0,0.0,0.0,16.0,2020-02-25
France,14,0,1.0,0.0,11.0,2020-02-25
U.K.,13,0,0.0,0.0,8.0,2020-02-25
U.A.E.,13,0,0.0,0.0,3.0,2020-02-25
Canada,11,0,0.0,0.0,3.0,2020-02-25
Kuwait,11,0,0.0,0.0,0.0,2020-02-25
Macao,10,0,0.0,0.0,5.0,2020-02-25
Spain,9,0,0.0,0.0,2.0,2020-02-25
Iraq,5,0,0.0,0.0,0.0,2020-02-25
Oman,4,0,0.0,0.0,0.0,2020-02-25
Philippines,3,0,1.0,0.0,2.0,2020-02-25
India,3,0,0.0,0.0,3.0,2020-02-25
Austria,2,0,0.0,0.0,0.0,2020-02-25
Israel,2,0,0.0,0.0,0.0,2020-02-25
Russia,2,0,0.0,0.0,2.0,2020-02-25
Afghanistan,1,0,0.0,0.0,0.0,2020-02-25
Algeria,1,0,0.0,0.0,0.0,2020-02-25
Belgium,1,0,0.0,0.0,1.0,2020-02-25
Cambodia,1,0,0.0,0.0,1.0,2020-02-25
Croatia,1,0,0.0,0.0,0.0,2020-02-25
Egypt,1,0,0.0,0.0,1.0,2020-02-25
Finland,1,0,0.0,0.0,1.0,2020-02-25
Lebanon,1,0,0.0,0.0,0.0,2020-02-25
Nepal,1,0,0.0,0.0,1.0,2020-02-25
Sri Lanka,1,0,0.0,0.0,1.0,2020-02-25
Sweden,1,0,0.0,0.0,0.0,2020-02-25
Switzerland,1,0,0.0,0.0,0.0,2020-02-25
Brazil,1,0,0.0,0.0,0.0,2020-02-25
China,78499,435,2744.0,29.0,32502.0,2020-02-26
S. Korea,1595,618,12.0,1.0,24.0,2020-02-26
Diamond Princess,705,14,4.0,0.0,10.0,2020-02-26
Italy,470,147,12.0,1.0,3.0,2020-02-26
Japan,172,11,3.0,2.0,23.0,2020-02-26
Iran,139,44,19.0,3.0,25.0,2020-02-26
Singapore,93,2,0.0,0.0,62.0,2020-02-26
Hong Kong,89,4,2.0,0.0,18.0,2020-02-26
USA,60,3,0.0,0.0,6.0,2020-02-26
Thailand,40,3,0.0,0.0,22.0,2020-02-26
Bahrain,33,10,0.0,0.0,0.0,2020-02-26
Taiwan,32,1,1.0,0.0,5.0,2020-02-26
Germany,27,9,0.0,0.0,15.0,2020-02-26
Kuwait,26,15,0.0,0.0,0.0,2020-02-26
Australia,23,1,0.0,0.0,15.0,2020-02-26
Malaysia,22,0,0.0,0.0,20.0,2020-02-26
France,18,4,2.0,1.0,11.0,2020-02-26
Vietnam,16,0,0.0,0.0,16.0,2020-02-26
Spain,13,4,0.0,0.0,2.0,2020-02-26
U.K.,13,0,0.0,0.0,8.0,2020-02-26
U.A.E.,13,0,0.0,0.0,3.0,2020-02-26
Canada,12,1,0.0,0.0,3.0,2020-02-26
Macao,10,0,0.0,0.0,6.0,2020-02-26
Iraq,5,0,0.0,0.0,0.0,2020-02-26
Oman,4,0,0.0,0.0,0.0,2020-02-26
Philippines,3,0,1.0,0.0,2.0,2020-02-26
Croatia,3,2,0.0,0.0,0.0,2020-02-26
India,3,0,0.0,0.0,3.0,2020-02-26
Austria,2,0,0.0,0.0,0.0,2020-02-26
Finland,2,1,0.0,0.0,1.0,2020-02-26
Israel,2,0,0.0,0.0,0.0,2020-02-26
Lebanon,2,1,0.0,0.0,0.0,2020-02-26
Pakistan,2,2,0.0,0.0,0.0,2020-02-26
Russia,2,0,0.0,0.0,2.0,2020-02-26
Sweden,2,1,0.0,0.0,0.0,2020-02-26
Afghanistan,1,0,0.0,0.0,0.0,2020-02-26
Algeria,1,0,0.0,0.0,0.0,2020-02-26
Belgium,1,0,0.0,0.0,1.0,2020-02-26
Brazil,1,0,0.0,0.0,0.0,2020-02-26
Cambodia,1,0,0.0,0.0,1.0,2020-02-26
Egypt,1,0,0.0,0.0,1.0,2020-02-26
Georgia,1,1,0.0,0.0,0.0,2020-02-26
Greece,1,1,0.0,0.0,0.0,2020-02-26
North Macedonia,1,1,0.0,0.0,0.0,2020-02-26
Nepal,1,0,0.0,0.0,1.0,2020-02-26
Norway,1,1,0.0,0.0,0.0,2020-02-26
Romania,1,1,0.0,0.0,0.0,2020-02-26
Sri Lanka,1,0,0.0,0.0,1.0,2020-02-26
Switzerland,1,0,0.0,0.0,0.0,2020-02-26
China,78832,335,2788.0,44.0,36137.0,2020-02-27
S. Korea,2022,256,13.0,0.0,24.0,2020-02-27
Diamond Princess,705,0,4.0,0.0,10.0,2020-02-27
Italy,655,0,17.0,0.0,45.0,2020-02-27
Iran,245,0,26.0,0.0,54.0,2020-02-27
Japan,214,0,4.0,0.0,32.0,2020-02-27
Singapore,96,0,0.0,0.0,66.0,2020-02-27
Hong Kong,92,0,2.0,0.0,18.0,2020-02-27
USA,60,0,0.0,0.0,6.0,2020-02-27
Germany,49,0,0.0,0.0,16.0,2020-02-27
Kuwait,43,0,0.0,0.0,0.0,2020-02-27
Thailand,40,0,0.0,0.0,22.0,2020-02-27
France,38,0,2.0,0.0,11.0,2020-02-27
Bahrain,33,0,0.0,0.0,0.0,2020-02-27
Taiwan,32,0,1.0,0.0,5.0,2020-02-27
Spain,25,0,0.0,0.0,2.0,2020-02-27
Australia,23,0,0.0,0.0,15.0,2020-02-27
Malaysia,22,0,0.0,0.0,20.0,2020-02-27
U.A.E.,19,0,0.0,0.0,5.0,2020-02-27
U.K.,16,0,0.0,0.0,8.0,2020-02-27
Vietnam,16,0,0.0,0.0,16.0,2020-02-27
Canada,14,0,0.0,0.0,3.0,2020-02-27
Macao,10,0,0.0,0.0,6.0,2020-02-27
Switzerland,8,0,0.0,0.0,0.0,2020-02-27
Iraq,7,0,0.0,0.0,0.0,2020-02-27
Sweden,7,0,0.0,0.0,0.0,2020-02-27
Oman,6,0,0.0,0.0,0.0,2020-02-27
Austria,5,0,0.0,0.0,0.0,2020-02-27
Norway,4,0,0.0,0.0,0.0,2020-02-27
Philippines,3,0,1.0,0.0,2.0,2020-02-27
Croatia,3,0,0.0,0.0,0.0,2020-02-27
Greece,3,0,0.0,0.0,0.0,2020-02-27
India,3,0,0.0,0.0,3.0,2020-02-27
Israel,3,0,0.0,0.0,0.0,2020-02-27
Lebanon,3,0,0.0,0.0,0.0,2020-02-27
Finland,2,0,0.0,0.0,1.0,2020-02-27
Pakistan,2,0,0.0,0.0,0.0,2020-02-27
Russia,2,0,0.0,0.0,2.0,2020-02-27
Afghanistan,1,0,0.0,0.0,0.0,2020-02-27
Algeria,1,0,0.0,0.0,0.0,2020-02-27
Belgium,1,0,0.0,0.0,1.0,2020-02-27
Brazil,1,0,0.0,0.0,0.0,2020-02-27
Cambodia,1,0,0.0,0.0,1.0,2020-02-27
Denmark,1,0,0.0,0.0,0.0,2020-02-27
Egypt,1,0,0.0,0.0,1.0,2020-02-27
Estonia,1,0,0.0,0.0,0.0,2020-02-27
Georgia,1,0,0.0,0.0,0.0,2020-02-27
Lithuania,1,1,0.0,0.0,0.0,2020-02-27
North Macedonia,1,0,0.0,0.0,0.0,2020-02-27
Nepal,1,0,0.0,0.0,1.0,2020-02-27
Netherlands,1,0,0.0,0.0,0.0,2020-02-27
Nigeria,1,1,0.0,0.0,0.0,2020-02-27
Romania,1,0,0.0,0.0,0.0,2020-02-27
San Marino,1,0,0.0,0.0,0.0,2020-02-27
Sri Lanka,1,0,0.0,0.0,1.0,2020-02-27
China,0,428,0.0,47.0,0.0,2020-02-28
S. Korea,0,594,0.0,1.0,0.0,2020-02-28
Italy,0,0,0.0,0.0,0.0,2020-02-28
Diamond Princess,0,0,0.0,0.0,0.0,2020-02-28
Iran,0,0,0.0,0.0,0.0,2020-02-28
Japan,0,0,0.0,0.0,0.0,2020-02-28
Singapore,0,0,0.0,0.0,0.0,2020-02-28
Hong Kong,0,0,0.0,0.0,0.0,2020-02-28
USA,0,0,0.0,0.0,0.0,2020-02-28
Germany,0,0,0.0,0.0,0.0,2020-02-28
France,0,0,0.0,0.0,0.0,2020-02-28
Kuwait,0,0,0.0,0.0,0.0,2020-02-28
Thailand,0,0,0.0,0.0,0.0,2020-02-28
Bahrain,0,0,0.0,0.0,0.0,2020-02-28
Taiwan,0,0,0.0,0.0,0.0,2020-02-28
Spain,0,0,0.0,0.0,0.0,2020-02-28
Australia,0,0,0.0,0.0,0.0,2020-02-28
Malaysia,0,0,0.0,0.0,0.0,2020-02-28
U.K.,0,0,0.0,0.0,0.0,2020-02-28
U.A.E.,0,0,0.0,0.0,0.0,2020-02-28
Canada,0,1,0.0,0.0,0.0,2020-02-28
Vietnam,0,0,0.0,0.0,0.0,2020-02-28
Switzerland,0,0,0.0,0.0,0.0,2020-02-28
Sweden,0,0,0.0,0.0,0.0,2020-02-28
Macao,0,0,0.0,0.0,0.0,2020-02-28
Iraq,0,0,0.0,0.0,0.0,2020-02-28
Israel,0,0,0.0,0.0,0.0,2020-02-28
Austria,0,0,0.0,0.0,0.0,2020-02-28
Norway,0,0,0.0,0.0,0.0,2020-02-28
Oman,0,0,0.0,0.0,0.0,2020-02-28
Croatia,0,0,0.0,0.0,0.0,2020-02-28
Greece,0,0,0.0,0.0,0.0,2020-02-28
Lebanon,0,0,0.0,0.0,0.0,2020-02-28
Philippines,0,0,0.0,0.0,0.0,2020-02-28
Finland,0,0,0.0,0.0,0.0,2020-02-28
India,0,0,0.0,0.0,0.0,2020-02-28
Romania,0,0,0.0,0.0,0.0,2020-02-28
Denmark,0,0,0.0,0.0,0.0,2020-02-28
Georgia,0,0,0.0,0.0,0.0,2020-02-28
Mexico,0,0,0.0,0.0,0.0,2020-02-28
Netherlands,0,0,0.0,0.0,0.0,2020-02-28
Pakistan,0,0,0.0,0.0,0.0,2020-02-28
Russia,0,0,0.0,0.0,0.0,2020-02-28
Afghanistan,0,0,0.0,0.0,0.0,2020-02-28
Algeria,0,0,0.0,0.0,0.0,2020-02-28
Azerbaijan,0,0,0.0,0.0,0.0,2020-02-28
Belarus,0,0,0.0,0.0,0.0,2020-02-28
Belgium,0,0,0.0,0.0,0.0,2020-02-28
Brazil,0,0,0.0,0.0,0.0,2020-02-28
Cambodia,0,0,0.0,0.0,0.0,2020-02-28
Egypt,0,0,0.0,0.0,0.0,2020-02-28
Estonia,0,0,0.0,0.0,0.0,2020-02-28
Iceland,0,0,0.0,0.0,0.0,2020-02-28
Lithuania,0,0,0.0,0.0,0.0,2020-02-28
North Macedonia,0,0,0.0,0.0,0.0,2020-02-28
Monaco,0,0,0.0,0.0,0.0,2020-02-28
Nepal,0,0,0.0,0.0,0.0,2020-02-28
New Zealand,0,0,0.0,0.0,0.0,2020-02-28
Nigeria,0,0,0.0,0.0,0.0,2020-02-28
San Marino,0,0,0.0,0.0,0.0,2020-02-28
Sri Lanka,0,0,0.0,0.0,0.0,2020-02-28
Total:,0,1023,0.0,48.0,0.0,2020-02-28
